material_id,material_type,material_subtype,strength_MPa,weight_capacity_kg,density_g_per_cm3,cost_per_kg_usd,biodegradability_score,co2_emission_kgCO2_per_kg,recyclability_percentage,co2_impact_index,cost_efficiency_index,strength_norm,weight_capacity_norm,density_norm,biodegradability_norm,recyclability_norm,material_suitability_score
1,PHA Bioplastic,Bio-degradable Polymer,0.020766699114634,0.9725576289791438,0.7483818770226538,0.5198902606310014,0.1502016129032258,0.5046121593291404,0.95124716553288,0.5,0.48,0.020766699114634,0.9725576289791438,0.7483818770226538,0.1502016129032258,0.95124716553288,0.48
2,Rice Husk Composite,Agro-waste Composite,0.1048996430723589,0.859129162092938,0.7520226537216829,0.7791495198902606,0.4798387096774193,0.6002096436058699,0.4365079365079365,0.4,0.22,0.1048996430723589,0.859129162092938,0.7520226537216829,0.4798387096774193,0.4365079365079365,0.4
3,Recycled Glass,Glass-based,0.0268854586751958,0.2868642517380168,0.0934466019417475,0.5198902606310014,0.532258064516129,0.0576519916142557,0.1712018140589569,0.94,0.48,0.0268854586751958,0.2868642517380168,0.0934466019417475,0.532258064516129,0.1712018140589569,0.46
4,Seaweed Bioplastic,Marine-based Polymer,0.6438603810318453,0.3798024149286498,0.9016990291262136,0.8614540466392318,0.0473790322580645,0.7591194968553459,0.5351473922902494,0.24,0.14,0.6438603810318453,0.3798024149286498,0.9016990291262136,0.0473790322580645,0.5351473922902494,0.35
5,Coconut Coir,Natural Fiber,0.3154405970425995,0.8572996706915476,0.5000000000000001,0.5528120713305898,0.3346774193548387,0.2044025157232704,0.8730158730158729,0.8,0.45,0.3154405970425995,0.8572996706915476,0.5000000000000001,0.3346774193548387,0.8730158730158729,0.57
6,PHA Bioplastic,Bio-degradable Polymer,0.5135122606962406,0.309915843395536,0.8248381877022655,0.5624142661179699,0.1300403225806451,0.9111111111111112,0.7290249433106577,0.09,0.44,0.5135122606962406,0.309915843395536,0.8248381877022655,0.1300403225806451,0.7290249433106577,0.37
7,Recycled Aluminum,Metal-based,0.920363417234506,0.159165751920966,0.3127022653721683,0.8861454046639232,0.0584677419354838,0.1993710691823899,0.8049886621315192,0.8,0.11,0.920363417234506,0.159165751920966,0.3127022653721683,0.0584677419354838,0.8049886621315192,0.46
8,Molded Pulp,Paper-based,0.2490613266583229,0.5557994877424075,0.894822006472492,0.4005486968449931,0.9929435483870968,0.1844863731656184,0.6541950113378685,0.82,0.6,0.2490613266583229,0.5557994877424075,0.894822006472492,0.9929435483870968,0.6541950113378685,0.67
9,PHA Bioplastic,Bio-degradable Polymer,0.4133407500115885,0.9443834613977312,0.3826860841423949,0.1234567901234568,0.3195564516129032,0.0262054507337526,0.6882086167800453,0.97,0.88,0.4133407500115885,0.9443834613977312,0.3826860841423949,0.3195564516129032,0.6882086167800453,0.72
10,Recycled Glass,Glass-based,0.7653548417002735,0.6984998170508597,0.0,0.0150891632373113,0.811491935483871,0.4735849056603773,0.8480725623582768,0.53,0.98,0.7653548417002735,0.6984998170508597,0.0,0.811491935483871,0.8480725623582768,0.69
11,Recycled Glass,Glass-based,0.2282019190654985,0.5693377241126967,0.9045307443365695,0.7613168724279835,0.252016129032258,0.5689727463312368,0.2369614512471655,0.43,0.24,0.2282019190654985,0.5693377241126967,0.9045307443365695,0.252016129032258,0.2369614512471655,0.39
12,Seaweed Bioplastic,Marine-based Polymer,0.0733787604876465,0.0848884010245151,0.0813106796116504,0.6227709190672154,0.6824596774193549,0.0561844863731656,0.4807256235827665,0.94,0.38,0.0733787604876465,0.0848884010245151,0.0813106796116504,0.6824596774193549,0.4807256235827665,0.45
13,Coconut Coir,Natural Fiber,0.2903629536921151,0.6154409074277349,0.3118932038834952,0.7091906721536352,0.7610887096774194,0.7853249475890984,0.2074829931972789,0.21,0.29,0.2903629536921151,0.6154409074277349,0.3118932038834952,0.7610887096774194,0.2074829931972789,0.35
14,Rice Husk Composite,Agro-waste Composite,0.1592731655309878,0.999634101719722,0.9498381877022656,0.2043895747599451,0.5957661290322581,0.4542976939203355,0.9897959183673468,0.55,0.8,0.1592731655309878,0.999634101719722,0.9498381877022656,0.5957661290322581,0.9897959183673468,0.67
15,Seaweed Bioplastic,Marine-based Polymer,0.9429379316738516,0.1287961946578851,0.9506472491909386,0.1248285322359396,0.470766129032258,0.5274633123689727,0.9455782312925172,0.47,0.88,0.9429379316738516,0.1287961946578851,0.9506472491909386,0.470766129032258,0.9455782312925172,0.68
16,Seaweed Bioplastic,Marine-based Polymer,0.8189866963333796,0.5162824734723747,0.5691747572815534,0.0,0.4102822580645161,0.4415094339622641,0.0215419501133787,0.56,1.0,0.8189866963333796,0.5162824734723747,0.5691747572815534,0.4102822580645161,0.0215419501133787,0.66
17,Molded Pulp,Paper-based,0.6408010012515644,0.8843761434321258,0.6282362459546926,0.345679012345679,0.346774193548387,0.4004192872117401,0.7018140589569162,0.6,0.65,0.6408010012515644,0.8843761434321258,0.6282362459546926,0.346774193548387,0.7018140589569162,0.63
18,PLA Bioplastic,Bio-based Polymer,0.8835581513929448,0.7442371020856201,0.4425566343042071,0.5912208504801097,0.9324596774193548,0.5635220125786163,0.9263038548752834,0.44,0.41,0.8835581513929448,0.7442371020856201,0.4425566343042071,0.9324596774193548,0.9263038548752834,0.6
19,Coconut Coir,Natural Fiber,0.8144439809020535,0.6995975118916941,0.2855987055016181,0.3882030178326474,0.8326612903225806,0.1482180293501048,0.1666666666666666,0.85,0.61,0.8144439809020535,0.6995975118916941,0.2855987055016181,0.8326612903225806,0.1666666666666666,0.68
20,Bagasse,Agro-waste Fiber,0.18513883094609,0.7050859860958654,0.3216019417475728,0.4348422496570644,0.967741935483871,0.1754716981132075,0.5612244897959184,0.82,0.57,0.18513883094609,0.7050859860958654,0.3216019417475728,0.967741935483871,0.5612244897959184,0.6
21,Seaweed Bioplastic,Marine-based Polymer,0.9050665183331016,0.3538236370289059,0.6690938511326862,0.9149519890260632,0.1199596774193548,0.8740041928721174,0.9160997732426304,0.13,0.09,0.9050665183331016,0.3538236370289059,0.6690938511326862,0.1199596774193548,0.9160997732426304,0.35
22,Cornstarch Polymer,Bio-based Polymer,0.5448940805636675,0.2861324551774606,0.7500000000000001,0.3429355281207132,0.7318548387096774,0.960587002096436,0.0170068027210884,0.04,0.66,0.5448940805636675,0.2861324551774606,0.7500000000000001,0.7318548387096774,0.0170068027210884,0.43
23,PLA Bioplastic,Bio-based Polymer,0.8182913827469521,0.814489571899012,0.7896440129449839,0.513031550068587,0.9405241935483872,0.3721174004192872,0.6938775510204082,0.63,0.49,0.8182913827469521,0.814489571899012,0.7896440129449839,0.9405241935483872,0.6938775510204082,0.69
24,Bagasse,Agro-waste Fiber,0.9086821489825244,0.8152213684595682,0.787621359223301,0.7914951989026063,0.1774193548387097,0.2668763102725367,0.2857142857142857,0.73,0.21,0.9086821489825244,0.8152213684595682,0.787621359223301,0.1774193548387097,0.2857142857142857,0.56
25,Cornstarch Polymer,Bio-based Polymer,0.3191489361702127,0.8737650933040614,0.0813106796116504,0.3923182441700961,0.0614919354838709,0.6503144654088049,0.9251700680272108,0.35,0.61,0.3191489361702127,0.8737650933040614,0.0813106796116504,0.0614919354838709,0.9251700680272108,0.44
26,Coconut Coir,Natural Fiber,0.1070782923098317,0.920965971459934,0.4890776699029127,0.6255144032921811,0.7419354838709677,0.4085953878406709,0.9727891156462586,0.59,0.37,0.1070782923098317,0.920965971459934,0.4890776699029127,0.7419354838709677,0.9727891156462586,0.52
27,Bamboo,Plant-based Fiber,0.2273211885226904,0.509330406147091,0.0473300970873786,0.8724279835390947,0.5735887096774194,0.0146750524109014,0.9455782312925172,0.99,0.13,0.2273211885226904,0.509330406147091,0.0473300970873786,0.5735887096774194,0.9455782312925172,0.47
28,Cornstarch Polymer,Bio-based Polymer,0.4303991099986093,0.4990852542993048,0.5449029126213593,0.9615912208504802,0.84375,0.1490566037735849,0.4659863945578232,0.85,0.04,0.4303991099986093,0.4990852542993048,0.5449029126213593,0.84375,0.4659863945578232,0.5
29,Recycled Aluminum,Metal-based,0.8290455662170305,0.8031467252103914,0.4356796116504855,0.1358024691358025,0.1360887096774193,0.7241090146750524,0.8616780045351473,0.28,0.86,0.8290455662170305,0.8031467252103914,0.4356796116504855,0.1360887096774193,0.8616780045351473,0.59
30,PLA Bioplastic,Bio-based Polymer,0.872618550966486,0.6512989388949871,0.8867313915857606,0.9382716049382716,0.7963709677419355,0.6656184486373166,0.8435374149659864,0.33,0.06,0.872618550966486,0.6512989388949871,0.8867313915857606,0.7963709677419355,0.8435374149659864,0.5
31,Cornstarch Polymer,Bio-based Polymer,0.0019468780419969,0.7047200878155871,0.3438511326860841,0.4910836762688615,0.1985887096774193,0.0165618448637316,0.3072562358276645,0.98,0.51,0.0019468780419969,0.7047200878155871,0.3438511326860841,0.1985887096774193,0.3072562358276645,0.51
32,Recycled Paper,Paper-based,0.5156909099337135,0.8005854372484449,0.1076051779935275,0.2510288065843621,0.1602822580645161,0.2167714884696016,0.8276643990929705,0.78,0.75,0.5156909099337135,0.8005854372484449,0.1076051779935275,0.1602822580645161,0.8276643990929705,0.61
33,Bamboo,Plant-based Fiber,0.4205256570713391,0.8971825832418587,0.1334951456310679,0.4567901234567901,0.1602822580645161,0.2259958071278825,0.0192743764172335,0.77,0.54,0.4205256570713391,0.8971825832418587,0.1334951456310679,0.1602822580645161,0.0192743764172335,0.51
34,Recycled Glass,Glass-based,0.221341491679414,0.3315038419319429,0.7593042071197412,0.9931412894375856,0.8165322580645161,0.6788259958071278,0.590702947845805,0.32,0.01,0.221341491679414,0.3315038419319429,0.7593042071197412,0.8165322580645161,0.590702947845805,0.34
35,Recycled Glass,Glass-based,0.1170908079543874,0.3702890596414196,0.6144822006472492,0.4910836762688615,0.6653225806451613,0.0090146750524109,0.2165532879818593,0.99,0.51,0.1170908079543874,0.3702890596414196,0.6144822006472492,0.6653225806451613,0.2165532879818593,0.57
36,Recycled Aluminum,Metal-based,0.3391739674593241,0.0815953165020124,0.0914239482200647,0.3237311385459533,0.5221774193548387,0.0955974842767295,0.1054421768707483,0.9,0.68,0.3391739674593241,0.0815953165020124,0.0914239482200647,0.5221774193548387,0.1054421768707483,0.52
37,Cornstarch Polymer,Bio-based Polymer,0.9564270152505446,0.5777533845590925,0.0740291262135922,0.6364883401920439,0.3568548387096774,0.8104821802935009,0.0600907029478458,0.19,0.36,0.9564270152505446,0.5777533845590925,0.0740291262135922,0.3568548387096774,0.0600907029478458,0.38
38,Cornstarch Polymer,Bio-based Polymer,0.3244333194270615,0.022319795096963,0.6978155339805826,0.2318244170096021,0.8790322580645161,0.1721174004192872,0.6927437641723356,0.83,0.77,0.3244333194270615,0.022319795096963,0.6978155339805826,0.8790322580645161,0.6927437641723356,0.64
39,Molded Pulp,Paper-based,0.5238956102535577,0.4624954262714965,0.0627022653721683,0.0631001371742112,0.3901209677419355,0.6591194968553459,0.3287981859410431,0.34,0.94,0.5238956102535577,0.4624954262714965,0.0627022653721683,0.3901209677419355,0.3287981859410431,0.51
40,Cornstarch Polymer,Bio-based Polymer,0.7117693413062625,0.5411635565312842,0.8203883495145632,0.1179698216735253,0.8185483870967742,0.2333333333333333,0.7210884353741497,0.77,0.88,0.7117693413062625,0.5411635565312842,0.8203883495145632,0.8185483870967742,0.7210884353741497,0.77
41,PHA Bioplastic,Bio-degradable Polymer,0.3656885922217586,0.2788144895718989,0.7034789644012945,0.1165980795610425,0.4374999999999999,0.090775681341719,0.0487528344671202,0.91,0.88,0.3656885922217586,0.2788144895718989,0.7034789644012945,0.4374999999999999,0.0487528344671202,0.65
42,Rice Husk Composite,Agro-waste Composite,0.9858619570759743,0.5905598243688254,0.0711974110032362,0.1412894375857338,0.375,0.2385744234800838,0.3038548752834467,0.76,0.86,0.9858619570759743,0.5905598243688254,0.0711974110032362,0.375,0.3038548752834467,0.67
43,Recycled Paper,Paper-based,0.9763593380614658,0.0164654226125137,0.0748381877022653,0.1275720164609053,0.4616935483870967,0.730607966457023,0.5328798185941044,0.27,0.87,0.9763593380614658,0.0164654226125137,0.0748381877022653,0.4616935483870967,0.5328798185941044,0.51
44,Molded Pulp,Paper-based,0.251610809808557,0.0237833882180753,0.9870550161812296,0.644718792866941,0.2983870967741935,0.8677148846960168,0.7891156462585035,0.13,0.36,0.251610809808557,0.0237833882180753,0.9870550161812296,0.2983870967741935,0.7891156462585035,0.33
45,Coconut Coir,Natural Fiber,0.5019237009224493,0.8280278082693011,0.3677184466019417,0.1714677640603566,0.748991935483871,0.8415094339622641,0.3072562358276645,0.16,0.83,0.5019237009224493,0.8280278082693011,0.3677184466019417,0.748991935483871,0.3072562358276645,0.53
46,Molded Pulp,Paper-based,0.3016733880313355,0.3545554335894621,0.3640776699029127,0.3401920438957476,0.502016129032258,0.3966457023060796,0.6201814058956916,0.6,0.66,0.3016733880313355,0.3545554335894621,0.3640776699029127,0.502016129032258,0.6201814058956916,0.51
47,PHA Bioplastic,Bio-degradable Polymer,0.2853103416307421,0.1156238565678741,0.8110841423948222,0.9080932784636488,0.2288306451612903,0.6750524109014675,0.8854875283446714,0.32,0.09,0.2853103416307421,0.1156238565678741,0.8110841423948222,0.2288306451612903,0.8854875283446714,0.31
48,Coconut Coir,Natural Fiber,0.0324943216057108,0.5203073545554335,0.9470064724919094,0.4718792866941015,0.902217741935484,0.1991614255765199,0.6099773242630386,0.8,0.53,0.0324943216057108,0.5203073545554335,0.9470064724919094,0.902217741935484,0.6099773242630386,0.6
49,Recycled Paper,Paper-based,0.6164650257266027,0.7742407610684229,0.9862459546925568,0.6721536351165981,0.3820564516129032,0.289727463312369,0.2199546485260771,0.71,0.33,0.6164650257266027,0.7742407610684229,0.9862459546925568,0.3820564516129032,0.2199546485260771,0.58
50,PHA Bioplastic,Bio-degradable Polymer,0.5074862096138691,0.2063666300768386,0.7508090614886733,0.1618655692729766,0.5433467741935484,0.9094339622641509,0.0068027210884353,0.09,0.84,0.5074862096138691,0.2063666300768386,0.7508090614886733,0.5433467741935484,0.0068027210884353,0.46
51,Bagasse,Agro-waste Fiber,0.0473740323552588,0.6234906695938529,0.3697411003236246,0.1824417009602194,0.908266129032258,0.0020964360587002,0.8696145124716553,1.0,0.82,0.0473740323552588,0.6234906695938529,0.3697411003236246,0.908266129032258,0.8696145124716553,0.7
52,Rice Husk Composite,Agro-waste Composite,0.2790061651137996,0.0728137577753384,0.0736245954692556,0.027434842249657,0.623991935483871,0.0765199161425576,0.0034013605442176,0.92,0.97,0.2790061651137996,0.0728137577753384,0.0736245954692556,0.623991935483871,0.0034013605442176,0.59
53,Recycled Paper,Paper-based,0.9211050850600287,0.0384193194291987,0.7750809061488673,0.1591220850480109,0.1129032258064516,0.2023060796645702,0.8741496598639457,0.8,0.84,0.9211050850600287,0.0384193194291987,0.7750809061488673,0.1129032258064516,0.8741496598639457,0.68
54,Cornstarch Polymer,Bio-based Polymer,0.2391415194919575,0.5298207098426636,0.5538025889967638,0.2716049382716049,0.9425403225806452,0.0159329140461216,0.5215419501133788,0.98,0.73,0.2391415194919575,0.5298207098426636,0.5538025889967638,0.9425403225806452,0.5215419501133788,0.69
55,Bagasse,Agro-waste Fiber,0.1426319936958235,0.5393340651298938,0.4182847896440129,0.1673525377229081,0.6280241935483871,0.1750524109014675,0.9399092970521542,0.82,0.83,0.1426319936958235,0.5393340651298938,0.4182847896440129,0.6280241935483871,0.9399092970521542,0.64
56,Recycled Aluminum,Metal-based,0.4939971260371761,0.6384924990852543,0.9057443365695794,0.0768175582990397,0.3326612903225806,0.5876310272536687,0.7970521541950114,0.41,0.92,0.4939971260371761,0.6384924990852543,0.9057443365695794,0.3326612903225806,0.7970521541950114,0.63
57,Recycled Paper,Paper-based,1.0,0.7292352725942187,0.1015372168284789,0.1083676268861454,0.1350806451612903,0.4215932914046121,1.0,0.58,0.89,1.0,0.7292352725942187,0.1015372168284789,0.1350806451612903,1.0,0.66
58,Recycled Aluminum,Metal-based,0.2416910026421916,0.9849981705085986,0.4874595469255663,0.4595336076817558,0.7953629032258065,0.9056603773584906,0.3401360544217687,0.09,0.54,0.2416910026421916,0.9849981705085986,0.4874595469255663,0.7953629032258065,0.3401360544217687,0.44
59,Coconut Coir,Natural Fiber,0.6802948129606452,0.5144529820709842,0.0004045307443365,0.1975308641975308,0.6199596774193549,0.8283018867924529,0.764172335600907,0.17,0.8,0.6802948129606452,0.5144529820709842,0.0004045307443365,0.6199596774193549,0.764172335600907,0.5
60,Bagasse,Agro-waste Fiber,0.7715663097390256,0.3161361141602634,0.4631877022653723,0.3593964334705075,0.532258064516129,0.339832285115304,0.3922902494331066,0.66,0.64,0.7715663097390256,0.3161361141602634,0.4631877022653723,0.532258064516129,0.3922902494331066,0.59
61,Rice Husk Composite,Agro-waste Composite,0.2371946414499606,0.8002195389681668,0.0461165048543689,0.5034293552812071,0.8961693548387097,0.2551362683438155,0.471655328798186,0.74,0.5,0.2371946414499606,0.8002195389681668,0.0461165048543689,0.8961693548387097,0.471655328798186,0.54
62,Cornstarch Polymer,Bio-based Polymer,0.7374959440040791,0.2627149652396633,0.1092233009708738,0.6954732510288065,0.7903225806451614,0.3786163522012579,0.6224489795918368,0.62,0.3,0.7374959440040791,0.2627149652396633,0.1092233009708738,0.7903225806451614,0.6224489795918368,0.49
63,Cornstarch Polymer,Bio-based Polymer,0.3699068279794186,0.4350530552506402,0.108009708737864,0.0246913580246913,0.1481854838709677,0.5949685534591195,0.8730158730158729,0.41,0.98,0.3699068279794186,0.4350530552506402,0.108009708737864,0.1481854838709677,0.8730158730158729,0.52
64,PHA Bioplastic,Bio-degradable Polymer,0.6396884995132806,0.0658616904500549,0.6456310679611651,0.8079561042524006,0.3094758064516129,0.2641509433962264,0.9863945578231292,0.74,0.19,0.6396884995132806,0.0658616904500549,0.6456310679611651,0.3094758064516129,0.9863945578231292,0.48
65,Cornstarch Polymer,Bio-based Polymer,0.64094006396885,0.0113428466886205,0.743527508090615,0.6310013717421125,0.2449596774193548,0.6297693920335429,0.7653061224489796,0.37,0.37,0.64094006396885,0.0113428466886205,0.743527508090615,0.2449596774193548,0.7653061224489796,0.42
66,Seaweed Bioplastic,Marine-based Polymer,0.5412320956751495,0.9714599341383094,0.5788834951456311,0.0685871056241426,0.7449596774193549,0.4092243186582809,0.4081632653061224,0.59,0.93,0.5412320956751495,0.9714599341383094,0.5788834951456311,0.7449596774193549,0.4081632653061224,0.71
67,Molded Pulp,Paper-based,0.0869141983034348,0.8419319429198682,0.9619741100323624,0.8834019204389575,0.0292338709677419,0.5557651991614255,0.4115646258503401,0.44,0.12,0.0869141983034348,0.8419319429198682,0.9619741100323624,0.0292338709677419,0.4115646258503401,0.36
68,Bamboo,Plant-based Fiber,0.8467065313122886,0.6984998170508597,0.3681229773462783,0.9327846364883404,0.5695564516129032,0.4366876310272537,0.7346938775510204,0.56,0.07,0.8467065313122886,0.6984998170508597,0.3681229773462783,0.5695564516129032,0.7346938775510204,0.48
69,Rice Husk Composite,Agro-waste Composite,0.3219765447550178,0.4043175997072813,0.2779126213592233,0.0480109739368998,0.7631048387096775,0.2911949685534591,0.2256235827664399,0.71,0.95,0.3219765447550178,0.4043175997072813,0.2779126213592233,0.7631048387096775,0.2256235827664399,0.62
70,Bagasse,Agro-waste Fiber,0.1850461224678997,0.1628247347237468,0.8673139158576053,0.2702331961591221,0.8790322580645161,0.9628930817610062,0.0941043083900226,0.04,0.73,0.1850461224678997,0.1628247347237468,0.8673139158576053,0.8790322580645161,0.0941043083900226,0.42
71,Seaweed Bioplastic,Marine-based Polymer,0.0364344319287998,0.1456275155506768,0.215210355987055,0.8148148148148148,0.3397177419354839,0.7731656184486373,0.3435374149659863,0.23,0.19,0.0364344319287998,0.1456275155506768,0.215210355987055,0.3397177419354839,0.3435374149659863,0.2
72,Rice Husk Composite,Agro-waste Composite,0.5974597876975849,0.2418587632638126,0.9631877022653724,0.7544581618655694,0.8225806451612903,0.1327044025157232,0.2755102040816326,0.87,0.25,0.5974597876975849,0.2418587632638126,0.9631877022653724,0.8225806451612903,0.2755102040816326,0.59
73,Bagasse,Agro-waste Fiber,0.6858109674129699,0.5481156238565678,0.0012135922330097,0.1742112482853223,0.1068548387096774,0.8807127882599581,0.2845804988662131,0.12,0.83,0.6858109674129699,0.5481156238565678,0.0012135922330097,0.1068548387096774,0.2845804988662131,0.42
74,PLA Bioplastic,Bio-based Polymer,0.0117739767301719,0.7175265276253201,0.970064724919094,0.2002743484224965,0.8477822580645161,0.4893081761006289,0.2199546485260771,0.51,0.8,0.0117739767301719,0.7175265276253201,0.970064724919094,0.8477822580645161,0.2199546485260771,0.59
75,PLA Bioplastic,Bio-based Polymer,0.5170815371065683,0.6619099890230514,0.0327669902912621,0.3662551440329218,0.1229838709677419,0.9075471698113208,0.0249433106575963,0.09,0.63,0.5170815371065683,0.6619099890230514,0.0327669902912621,0.1229838709677419,0.0249433106575963,0.34
76,Recycled Aluminum,Metal-based,0.2258378528716451,0.2722283205268935,0.8903721682847897,0.4828532235939643,0.3951612903225806,0.810272536687631,0.0,0.19,0.52,0.2258378528716451,0.2722283205268935,0.8903721682847897,0.3951612903225806,0.0,0.37
77,Rice Husk Composite,Agro-waste Composite,0.6528067491772123,0.9637760702524696,0.522653721682848,0.6213991769547325,0.7983870967741936,0.4255765199161426,0.9897959183673468,0.57,0.38,0.6528067491772123,0.9637760702524696,0.522653721682848,0.7983870967741936,0.9897959183673468,0.61
78,PLA Bioplastic,Bio-based Polymer,0.1726695406294905,0.7413099158433955,0.9931229773462784,0.364883401920439,0.1461693548387097,0.0117400419287211,0.4183673469387755,0.99,0.64,0.1726695406294905,0.7413099158433955,0.9931229773462784,0.1461693548387097,0.4183673469387755,0.64
79,Bagasse,Agro-waste Fiber,0.6994854679460436,0.553238199780461,0.0635113268608414,0.4609053497942387,0.2258064516129032,0.2647798742138365,0.3741496598639456,0.74,0.54,0.6994854679460436,0.553238199780461,0.0635113268608414,0.2258064516129032,0.3741496598639456,0.53
80,Recycled Aluminum,Metal-based,0.3892365456821026,0.6121478229052323,0.5493527508090615,0.7544581618655694,0.7227822580645161,0.5450733752620545,0.6757369614512472,0.45,0.25,0.3892365456821026,0.6121478229052323,0.5493527508090615,0.7227822580645161,0.6757369614512472,0.46
81,Cornstarch Polymer,Bio-based Polymer,0.950122838733602,0.4152945481156239,0.9692556634304208,0.0233196159122085,0.7207661290322581,0.6394129979035639,0.2040816326530612,0.36,0.98,0.950122838733602,0.4152945481156239,0.9692556634304208,0.7207661290322581,0.2040816326530612,0.7
82,Bagasse,Agro-waste Fiber,0.1350762527233115,0.239297475301866,0.5182038834951457,0.2441700960219479,0.6411290322580645,0.2536687631027254,0.95124716553288,0.75,0.76,0.1350762527233115,0.239297475301866,0.5182038834951457,0.6411290322580645,0.95124716553288,0.59
83,Recycled Aluminum,Metal-based,0.3426505353914615,0.3501646542261251,0.6254045307443366,0.7187928669410151,0.6945564516129032,0.1318658280922431,0.7845804988662132,0.87,0.28,0.3426505353914615,0.3501646542261251,0.6254045307443366,0.6945564516129032,0.7845804988662132,0.55
84,Rice Husk Composite,Agro-waste Composite,0.1105548602419691,0.761800219538968,0.6925566343042072,0.9053497942386832,0.5423387096774194,0.8463312368972745,0.072562358276644,0.15,0.09,0.1105548602419691,0.761800219538968,0.6925566343042072,0.5423387096774194,0.072562358276644,0.28
85,Seaweed Bioplastic,Marine-based Polymer,0.9378389653733832,0.0,0.4486245954692557,0.5116598079561042,0.2489919354838709,1.0000000000000002,0.4081632653061224,0.0,0.49,0.9378389653733832,0.0,0.4486245954692557,0.2489919354838709,0.4081632653061224,0.35
86,PHA Bioplastic,Bio-degradable Polymer,0.8895378482362212,0.1042810098792535,0.6237864077669903,0.532235939643347,0.34375,0.5287211740041928,0.8786848072562358,0.47,0.47,0.8895378482362212,0.1042810098792535,0.6237864077669903,0.34375,0.8786848072562358,0.52
87,Cornstarch Polymer,Bio-based Polymer,0.2579149863254995,0.0325649469447493,0.5800970873786409,0.0946502057613168,0.1784274193548387,0.1649895178197064,0.9455782312925172,0.84,0.91,0.2579149863254995,0.0325649469447493,0.5800970873786409,0.1784274193548387,0.9455782312925172,0.6
88,Recycled Paper,Paper-based,0.667918231122236,0.0270764727405781,0.9004854368932039,0.4458161865569272,0.910282258064516,0.2683438155136268,0.4591836734693878,0.73,0.55,0.667918231122236,0.0270764727405781,0.9004854368932039,0.910282258064516,0.4591836734693878,0.63
89,Seaweed Bioplastic,Marine-based Polymer,0.8282575441524127,0.8616904500548846,0.0351941747572815,0.532235939643347,0.5826612903225806,0.0075471698113207,0.6077097505668935,0.99,0.47,0.8282575441524127,0.8616904500548846,0.0351941747572815,0.5826612903225806,0.6077097505668935,0.67
90,Coconut Coir,Natural Fiber,0.561025355768785,0.7061836809366995,0.2730582524271845,0.2345679012345679,0.3991935483870967,0.9278825995807128,0.1519274376417233,0.07,0.77,0.561025355768785,0.7061836809366995,0.2730582524271845,0.3991935483870967,0.1519274376417233,0.44
91,Bagasse,Agro-waste Fiber,0.5349742733973022,0.4712769849981704,0.950242718446602,0.262002743484225,0.4606854838709677,0.1096436058700209,0.9931972789115648,0.89,0.74,0.5349742733973022,0.4712769849981704,0.950242718446602,0.4606854838709677,0.9931972789115648,0.73
92,Coconut Coir,Natural Fiber,0.2415055856858109,0.0856201975850713,0.8895631067961166,0.3731138545953361,0.9495967741935484,0.580922431865828,0.2188208616780045,0.42,0.63,0.2415055856858109,0.0856201975850713,0.8895631067961166,0.9495967741935484,0.2188208616780045,0.5
93,Seaweed Bioplastic,Marine-based Polymer,0.089788161127335,0.4892060007317965,0.4498381877022654,0.0054869684499314,0.1491935483870967,0.270230607966457,0.9433106575963718,0.73,0.99,0.089788161127335,0.4892060007317965,0.4498381877022654,0.1491935483870967,0.9433106575963718,0.6
94,Recycled Aluminum,Metal-based,0.9098410049599034,0.4705451884376143,0.6161003236245955,0.3168724279835391,0.5856854838709677,0.5578616352201258,0.645124716553288,0.44,0.68,0.9098410049599034,0.4705451884376143,0.6161003236245955,0.5856854838709677,0.645124716553288,0.62
95,Recycled Paper,Paper-based,0.9130858016965652,0.1628247347237468,0.2694174757281553,0.2030178326474623,0.5050403225806452,0.6578616352201256,0.6020408163265307,0.34,0.8,0.9130858016965652,0.1628247347237468,0.2694174757281553,0.5050403225806452,0.6020408163265307,0.55
96,Cornstarch Polymer,Bio-based Polymer,0.6404765215778983,0.4299304793267471,0.1792071197411003,0.3223593964334705,0.6108870967741936,0.8410901467505241,0.5045351473922903,0.16,0.68,0.6404765215778983,0.4299304793267471,0.1792071197411003,0.6108870967741936,0.5045351473922903,0.45
97,Cornstarch Polymer,Bio-based Polymer,0.3406109488712743,0.3937065495792169,0.4579288025889968,0.1083676268861454,0.0131048387096774,0.20062893081761,0.2176870748299319,0.8,0.89,0.3406109488712743,0.3937065495792169,0.4579288025889968,0.0131048387096774,0.2176870748299319,0.57
98,Cornstarch Polymer,Bio-based Polymer,0.3509942984285912,0.6161727039882912,0.3462783171521035,0.9012345679012346,0.873991935483871,0.0,0.1621315192743763,1.0,0.1,0.3509942984285912,0.6161727039882912,0.3462783171521035,0.873991935483871,0.1621315192743763,0.52
99,Recycled Paper,Paper-based,0.735178232049321,0.6359312111233076,0.5792880258899678,0.5953360768175583,0.934475806451613,0.1293501048218029,0.2063492063492063,0.87,0.4,0.735178232049321,0.6359312111233076,0.5792880258899678,0.934475806451613,0.2063492063492063,0.65
100,Bamboo,Plant-based Fiber,0.909701942242618,0.0318331503841931,0.0675566343042071,0.6831275720164609,0.5645161290322581,0.9132075471698112,0.1723356009070295,0.09,0.32,0.909701942242618,0.0318331503841931,0.0675566343042071,0.5645161290322581,0.1723356009070295,0.31
101,Recycled Paper,Paper-based,0.8995040096416816,0.3691913648005854,0.9745145631067962,0.7969821673525377,0.6975806451612904,0.8863731656184485,0.7777777777777778,0.11,0.2,0.8995040096416816,0.3691913648005854,0.9745145631067962,0.6975806451612904,0.7777777777777778,0.46
102,PHA Bioplastic,Bio-degradable Polymer,0.7901543596161869,0.6264178558360775,0.9866504854368932,0.4979423868312758,0.9243951612903226,0.6023060796645702,0.3390022675736961,0.4,0.5,0.7901543596161869,0.6264178558360775,0.9866504854368932,0.9243951612903226,0.3390022675736961,0.61
103,Recycled Paper,Paper-based,0.6496083066796459,0.5009147457006952,0.6949838187702266,0.074074074074074,0.7076612903225807,0.6056603773584905,0.0408163265306122,0.39,0.93,0.6496083066796459,0.5009147457006952,0.6949838187702266,0.7076612903225807,0.0408163265306122,0.62
104,Seaweed Bioplastic,Marine-based Polymer,0.0806563760255875,0.862788144895719,0.531148867313916,0.5377229080932785,0.1491935483870967,0.6719077568134171,0.9705215419501136,0.33,0.46,0.0806563760255875,0.862788144895719,0.531148867313916,0.1491935483870967,0.9705215419501136,0.41
105,Bamboo,Plant-based Fiber,0.1596903536828443,0.6600804976216611,0.3021844660194175,0.5884773662551441,0.5756048387096775,0.1687631027253668,0.8832199546485261,0.83,0.41,0.1596903536828443,0.6600804976216611,0.3021844660194175,0.5756048387096775,0.8832199546485261,0.53
106,Cornstarch Polymer,Bio-based Polymer,0.9111852778936634,0.1522136845956824,0.8118932038834952,0.7517146776406035,0.6068548387096775,0.9280922431865828,0.9285714285714284,0.07,0.25,0.9111852778936634,0.1522136845956824,0.8118932038834952,0.6068548387096775,0.9285714285714284,0.42
107,Seaweed Bioplastic,Marine-based Polymer,0.6132665832290363,0.057811928283937,0.6816343042071198,0.429355281207133,0.4223790322580644,0.4188679245283019,0.9965986394557824,0.58,0.57,0.6132665832290363,0.057811928283937,0.6816343042071198,0.4223790322580644,0.9965986394557824,0.55
108,Seaweed Bioplastic,Marine-based Polymer,0.00421823575766,0.6436150750091473,0.1537216828478964,0.1165980795610425,0.7368951612903225,0.3821802935010482,0.1598639455782312,0.62,0.88,0.00421823575766,0.6436150750091473,0.1537216828478964,0.7368951612903225,0.1598639455782312,0.54
109,Recycled Glass,Glass-based,0.0983173411208455,0.0124405415294548,0.9101941747572816,0.2770919067215364,0.936491935483871,0.521802935010482,0.3866213151927438,0.48,0.72,0.0983173411208455,0.0124405415294548,0.9101941747572816,0.936491935483871,0.3866213151927438,0.52
110,Molded Pulp,Paper-based,0.6714875075325638,0.5854372484449322,0.8207928802588996,0.3580246913580247,0.9284274193548386,0.0368972746331236,0.7551020408163266,0.96,0.64,0.6714875075325638,0.5854372484449322,0.8207928802588996,0.9284274193548386,0.7551020408163266,0.77
111,Bamboo,Plant-based Fiber,0.0,0.9487742407610682,0.9494336569579288,0.6488340192043895,0.4495967741935484,0.1595387840670859,0.691609977324263,0.84,0.35,0.0,0.9487742407610682,0.9494336569579288,0.4495967741935484,0.691609977324263,0.57
112,Seaweed Bioplastic,Marine-based Polymer,0.1588559773791313,0.5748261983168679,0.7228964401294499,0.5720164609053499,0.1088709677419355,0.7467505241090147,0.1394557823129251,0.25,0.43,0.1588559773791313,0.5748261983168679,0.7228964401294499,0.1088709677419355,0.1394557823129251,0.34
113,Molded Pulp,Paper-based,0.5544430538172715,0.3830954994511525,0.6096278317152104,0.3511659807956104,0.9879032258064516,0.0737945492662473,0.8140589569160999,0.93,0.65,0.5544430538172715,0.3830954994511525,0.6096278317152104,0.9879032258064516,0.8140589569160999,0.72
114,Molded Pulp,Paper-based,0.7004589069670422,0.6443468715697036,0.4122168284789644,1.0,0.840725806451613,0.6081761006289308,0.2108843537414965,0.39,0.0,0.7004589069670422,0.6443468715697036,0.4122168284789644,0.840725806451613,0.2108843537414965,0.4
115,Bamboo,Plant-based Fiber,0.6597135308023919,0.4548115623856567,0.9324433656957928,0.607681755829904,0.1209677419354838,0.240670859538784,0.209750566893424,0.76,0.39,0.6597135308023919,0.4548115623856567,0.9324433656957928,0.1209677419354838,0.209750566893424,0.55
116,Recycled Glass,Glass-based,0.223566495155982,0.544456641053787,0.8648867313915859,0.2290809327846364,0.9233870967741936,0.3886792452830189,0.5294784580498866,0.61,0.77,0.223566495155982,0.544456641053787,0.8648867313915859,0.9233870967741936,0.5294784580498866,0.64
117,Coconut Coir,Natural Fiber,0.7211328976034859,0.9498719356019024,0.0347896440129449,0.0891632373113854,0.8719758064516129,0.2853249475890985,0.5873015873015873,0.71,0.91,0.7211328976034859,0.9498719356019024,0.0347896440129449,0.8719758064516129,0.5873015873015873,0.73
118,Recycled Aluminum,Metal-based,0.2367774532981041,0.3809001097694841,0.0157766990291262,0.1426611796982167,0.5181451612903226,0.3540880503144654,0.5736961451247166,0.65,0.86,0.2367774532981041,0.3809001097694841,0.0157766990291262,0.5181451612903226,0.5736961451247166,0.53
119,PHA Bioplastic,Bio-degradable Polymer,0.3267046771427247,0.9699963410171972,0.3697411003236246,0.2373113854595336,0.5907258064516129,0.7272536687631027,0.0748299319727891,0.27,0.76,0.3267046771427247,0.9699963410171972,0.3697411003236246,0.5907258064516129,0.0748299319727891,0.5
120,Recycled Aluminum,Metal-based,0.7561303481203355,0.9129162092938164,0.8086569579288027,0.1508916323731138,0.3971774193548386,0.2939203354297694,0.8775510204081632,0.71,0.85,0.7561303481203355,0.9129162092938164,0.8086569579288027,0.3971774193548386,0.8775510204081632,0.76
121,Recycled Paper,Paper-based,0.6573494646085384,0.185876326381266,0.9874595469255664,0.176954732510288,0.0504032258064516,0.570440251572327,0.2528344671201814,0.43,0.82,0.6573494646085384,0.185876326381266,0.9874595469255664,0.0504032258064516,0.2528344671201814,0.55
122,Cornstarch Polymer,Bio-based Polymer,0.860890928475409,0.0563483351628247,0.1411812297734627,0.2784636488340192,0.3326612903225806,0.4777777777777777,0.1145124716553288,0.52,0.72,0.860890928475409,0.0563483351628247,0.1411812297734627,0.3326612903225806,0.1145124716553288,0.5
123,PHA Bioplastic,Bio-degradable Polymer,0.6654614564501923,0.088547383827296,0.5898058252427185,0.1632373113854595,0.8044354838709677,0.670440251572327,0.888888888888889,0.33,0.84,0.6654614564501923,0.088547383827296,0.5898058252427185,0.8044354838709677,0.888888888888889,0.59
124,Recycled Paper,Paper-based,0.5744217308672878,0.0040248810830589,0.3741909385113269,0.9080932784636488,0.0,0.9509433962264152,0.9569160997732424,0.05,0.09,0.5744217308672878,0.0040248810830589,0.3741909385113269,0.0,0.9569160997732424,0.21
125,Seaweed Bioplastic,Marine-based Polymer,0.0903907662355722,0.0819612147822905,0.970064724919094,0.0672153635116598,0.3306451612903225,0.741299790356394,0.8616780045351473,0.26,0.93,0.0903907662355722,0.0819612147822905,0.970064724919094,0.3306451612903225,0.8616780045351473,0.49
126,Cornstarch Polymer,Bio-based Polymer,0.3698604737403236,0.6849615806805708,0.8406148867313917,0.5240054869684498,0.3961693548387096,0.2094339622641509,0.808390022675737,0.79,0.48,0.3698604737403236,0.6849615806805708,0.8406148867313917,0.3961693548387096,0.808390022675737,0.61
127,Bagasse,Agro-waste Fiber,0.2652853103416308,0.0581778265642151,0.8369741100323624,0.4074074074074074,0.5362903225806452,0.020754716981132,0.6507936507936508,0.98,0.59,0.2652853103416308,0.0581778265642151,0.8369741100323624,0.5362903225806452,0.6507936507936508,0.61
128,Bamboo,Plant-based Fiber,0.2436842349232837,0.3121112330772045,0.4631877022653723,0.9958847736625516,0.9223790322580644,0.2580712788259958,0.54421768707483,0.74,0.0,0.2436842349232837,0.3121112330772045,0.4631877022653723,0.9223790322580644,0.54421768707483,0.42
129,PHA Bioplastic,Bio-degradable Polymer,0.987113521531544,0.8510793999268202,0.4085760517799354,0.1001371742112482,0.34375,0.6,0.0702947845804988,0.4,0.9,0.987113521531544,0.8510793999268202,0.4085760517799354,0.34375,0.0702947845804988,0.64
130,PHA Bioplastic,Bio-degradable Polymer,0.3957261391554257,0.009147457006952,0.2657766990291262,0.3936899862825789,0.344758064516129,0.0415094339622641,0.3990929705215419,0.96,0.61,0.3957261391554257,0.009147457006952,0.2657766990291262,0.344758064516129,0.3990929705215419,0.53
131,Seaweed Bioplastic,Marine-based Polymer,0.9045566217030546,0.8199780461031831,0.0461165048543689,0.9821673525377228,0.7389112903225806,0.4985324947589098,0.3616780045351474,0.5,0.02,0.9045566217030546,0.8199780461031831,0.0461165048543689,0.7389112903225806,0.3616780045351474,0.44
132,Coconut Coir,Natural Fiber,0.6384832892968062,0.2740578119282839,0.8636731391585761,0.8751714677640604,0.4506048387096774,0.6018867924528302,0.2471655328798186,0.4,0.12,0.6384832892968062,0.2740578119282839,0.8636731391585761,0.4506048387096774,0.2471655328798186,0.4
133,Molded Pulp,Paper-based,0.8054049042784963,0.106476399560922,0.8110841423948222,0.8257887517146776,0.2217741935483871,0.3320754716981132,0.719954648526077,0.67,0.17,0.8054049042784963,0.106476399560922,0.8110841423948222,0.2217741935483871,0.719954648526077,0.48
134,Cornstarch Polymer,Bio-based Polymer,0.5074398553747741,0.6992316136114161,1.0,0.2496570644718793,0.4506048387096774,0.780503144654088,0.4875283446712019,0.22,0.75,0.5074398553747741,0.6992316136114161,1.0,0.4506048387096774,0.4875283446712019,0.56
135,Seaweed Bioplastic,Marine-based Polymer,0.583182682056274,0.6297109403585802,0.997168284789644,0.1604938271604938,0.1370967741935483,0.0981132075471697,0.064625850340136,0.9,0.84,0.583182682056274,0.6297109403585802,0.997168284789644,0.1370967741935483,0.064625850340136,0.7
136,PLA Bioplastic,Bio-based Polymer,0.4971028600565521,0.8843761434321258,0.5509708737864079,0.6721536351165981,0.1723790322580645,0.0658280922431865,0.2063492063492063,0.93,0.33,0.4971028600565521,0.8843761434321258,0.5509708737864079,0.1723790322580645,0.2063492063492063,0.56
137,Recycled Glass,Glass-based,0.1939461363741714,0.7383827296011707,0.7665857605177994,0.9410150891632374,0.4969758064516128,0.7366876310272537,0.6791383219954649,0.26,0.06,0.1939461363741714,0.7383827296011707,0.7665857605177994,0.4969758064516128,0.6791383219954649,0.34
138,Molded Pulp,Paper-based,0.7316089556389932,0.8086351994145626,0.94457928802589,0.5582990397805212,0.4173387096774193,0.4976939203354297,0.0600907029478458,0.5,0.44,0.7316089556389932,0.8086351994145626,0.94457928802589,0.4173387096774193,0.0600907029478458,0.56
139,Bamboo,Plant-based Fiber,0.2811848143512724,0.274423710208562,0.8483009708737864,0.5733882030178327,0.9173387096774194,0.6958071278825995,0.8503401360544217,0.3,0.43,0.2811848143512724,0.274423710208562,0.8483009708737864,0.9173387096774194,0.8503401360544217,0.47
140,Molded Pulp,Paper-based,0.01965419737635,0.1672155140870838,0.2390776699029126,0.2729766803840878,0.3598790322580645,0.4354297693920335,0.4875283446712019,0.56,0.73,0.01965419737635,0.1672155140870838,0.2390776699029126,0.3598790322580645,0.4875283446712019,0.43
141,Coconut Coir,Natural Fiber,0.6530848746117832,0.7544822539334064,0.4445792880258901,0.7764060356652949,0.5806451612903226,0.2417190775681341,0.4727891156462585,0.76,0.22,0.6530848746117832,0.7544822539334064,0.4445792880258901,0.5806451612903226,0.4727891156462585,0.54
142,Molded Pulp,Paper-based,0.1754507949752004,0.8119282839370654,0.1197411003236246,0.176954732510288,0.6320564516129032,0.830188679245283,0.5861678004535147,0.17,0.82,0.1754507949752004,0.8119282839370654,0.1197411003236246,0.6320564516129032,0.5861678004535147,0.46
143,Bamboo,Plant-based Fiber,0.9539238863394058,1.0,0.9538834951456312,0.318244170096022,0.0080645161290322,0.809853249475891,0.8231292517006803,0.19,0.68,0.9539238863394058,1.0,0.9538834951456312,0.0080645161290322,0.8231292517006803,0.6
144,Coconut Coir,Natural Fiber,0.9676447411115746,0.4079765825100622,0.6019417475728156,0.4224965706447188,0.6643145161290324,0.7023060796645701,0.3367346938775509,0.3,0.58,0.9676447411115746,0.4079765825100622,0.6019417475728156,0.6643145161290324,0.3367346938775509,0.55
145,Recycled Aluminum,Metal-based,0.9278264497288276,0.3666300768386388,0.2204692556634304,0.5075445816186557,0.1743951612903226,0.2683438155136268,0.6734693877551021,0.73,0.49,0.9278264497288276,0.3666300768386388,0.2204692556634304,0.1743951612903226,0.6734693877551021,0.55
146,PHA Bioplastic,Bio-degradable Polymer,0.3723172484123673,0.7808269301134283,0.668284789644013,0.2345679012345679,0.9637096774193548,0.5949685534591195,0.5589569160997733,0.41,0.77,0.3723172484123673,0.7808269301134283,0.668284789644013,0.9637096774193548,0.5589569160997733,0.62
147,PHA Bioplastic,Bio-degradable Polymer,0.0106151207527928,0.3344310281741675,0.6140776699029127,0.102880658436214,0.1451612903225806,0.3595387840670859,0.2539682539682539,0.64,0.9,0.0106151207527928,0.3344310281741675,0.6140776699029127,0.1451612903225806,0.2539682539682539,0.51
148,Recycled Glass,Glass-based,0.9415473045009964,0.93889498719356,0.3511326860841424,0.6131687242798354,0.4133064516129032,0.0828092243186582,0.8786848072562358,0.92,0.39,0.9415473045009964,0.93889498719356,0.3511326860841424,0.4133064516129032,0.8786848072562358,0.68
149,Recycled Paper,Paper-based,0.4315116117368933,0.8649835345773874,0.1039644012944983,0.2812071330589849,0.0806451612903225,0.9310272536687628,0.7959183673469388,0.07,0.72,0.4315116117368933,0.8649835345773874,0.1039644012944983,0.0806451612903225,0.7959183673469388,0.41
150,Recycled Aluminum,Metal-based,0.9806239280582209,0.4248079034028539,0.668284789644013,0.5829903978052127,1.0,0.1291404612159329,0.6541950113378685,0.87,0.42,0.9806239280582209,0.4248079034028539,0.668284789644013,1.0,0.6541950113378685,0.71
